term,rank
privacy policy,0.36268013533462146
personal information,0.3173451184177938
third party,0.21156341227852918
may also,0.1662283953617015
use platform,0.12089337844487381
service providers,0.10578170613926459
use services,0.10578170613926459
platform use,0.09067003383365536
use information,0.09067003383365536
also collect,0.09067003383365536
may use,0.09067003383365536
information third,0.09067003383365536
third parties,0.09067003383365536
initiated platform,0.07555836152804614
company shall,0.07555836152804614
visit platform,0.07555836152804614
delivery partner,0.07555836152804614
address book,0.07555836152804614
platform may,0.07555836152804614
terms use,0.07555836152804614
information collected,0.07555836152804614
may collect,0.06044668922243691
transaction platform,0.06044668922243691
support dunzo,0.06044668922243691
card account,0.06044668922243691
terms conditions,0.06044668922243691
payment card,0.06044668922243691
including limited,0.06044668922243691
give us,0.06044668922243691
services may,0.06044668922243691
us may,0.06044668922243691
information including,0.04533501691682768
partner may,0.04533501691682768
us information,0.04533501691682768
services platform,0.04533501691682768
applicable terms,0.04533501691682768
share information,0.04533501691682768
company may,0.04533501691682768
order provide,0.04533501691682768
policy shall,0.04533501691682768
may choose,0.04533501691682768
applicable law,0.04533501691682768
process payments,0.04533501691682768
information information,0.04533501691682768
party service,0.04533501691682768
types information,0.04533501691682768
conditions privacy,0.04533501691682768
transaction initiated,0.04533501691682768
ip address,0.04533501691682768
collect information,0.04533501691682768
information provide,0.04533501691682768
users delivery,0.04533501691682768
terms privacy,0.04533501691682768
browser type,0.04533501691682768
business entity,0.04533501691682768
promotion marketing,0.04533501691682768
information required,0.04533501691682768
date time,0.04533501691682768
information personal,0.04533501691682768
disclose personal,0.04533501691682768
withdrawal consent,0.04533501691682768
emails communications,0.04533501691682768
account information,0.04533501691682768
access address,0.04533501691682768
receive information,0.04533501691682768
email address,0.04533501691682768
withdraw consent,0.04533501691682768
platform company,0.030223344611218454
reasonably necessary,0.030223344611218454
protect rights,0.030223344611218454
access use,0.030223344611218454
business partners,0.030223344611218454
telephone numbers,0.030223344611218454
merchants defined,0.030223344611218454
access platform,0.030223344611218454
terms shall,0.030223344611218454
platform including,0.030223344611218454
products services,0.030223344611218454
information web,0.030223344611218454
contact information,0.030223344611218454
contact details,0.030223344611218454
certain types,0.030223344611218454
received stored,0.030223344611218454
relation use,0.030223344611218454
platform access,0.030223344611218454
consultants research,0.030223344611218454
rights property,0.030223344611218454
transferred dealt,0.030223344611218454
transactions platform,0.030223344611218454
transactions initiated,0.030223344611218454
personal otherwise,0.030223344611218454
belief disclosure,0.030223344611218454
merchant delivery,0.030223344611218454
personal safety,0.030223344611218454
transaction details,0.030223344611218454
good faith,0.030223344611218454
customer service,0.030223344611218454
provide collected,0.030223344611218454
provide advertisements,0.030223344611218454
protocol address,0.030223344611218454
grievances dunzo,0.030223344611218454
etc may,0.030223344611218454
internet protocol,0.030223344611218454
information use,0.030223344611218454
information shall,0.030223344611218454
notice changes,0.030223344611218454
posts may,0.030223344611218454
posts platform,0.030223344611218454
improve services,0.030223344611218454
information disclosed,0.030223344611218454
comply conditions,0.030223344611218454
services interest,0.030223344611218454
registered platform,0.030223344611218454
communications us,0.030223344611218454
services provided,0.030223344611218454
information give,0.030223344611218454
company company,0.030223344611218454
policy apply,0.030223344611218454
writing support,0.030223344611218454
portion platform,0.030223344611218454
policy please,0.030223344611218454
company third,0.030223344611218454
company reserves,0.030223344611218454
enforce terms,0.030223344611218454
posts shall,0.030223344611218454
processed disclosed,0.030223344611218454
information platform,0.030223344611218454
information share,0.030223344611218454
payment service,0.030223344611218454
non personal,0.030223344611218454
stored processed,0.030223344611218454
service address,0.030223344611218454
private limited,0.030223344611218454
information provided,0.030223344611218454
collect certain,0.030223344611218454
collectively referred,0.030223344611218454
collect location,0.030223344611218454
service requests,0.030223344611218454
sought platform,0.030223344611218454
information may,0.030223344611218454
collected received,0.030223344611218454
sms details,0.030223344611218454
information internet,0.030223344611218454
legally bound,0.030223344611218454
available platform,0.030223344611218454
parties may,0.030223344611218454
delivery partners,0.030223344611218454
apply information,0.030223344611218454
may ask,0.030223344611218454
disclosure reasonably,0.030223344611218454
defined terms,0.030223344611218454
marketing partners,0.030223344611218454
partners merchants,0.030223344611218454
research firms,0.030223344611218454
location device,0.030223344611218454
disclosed shall,0.030223344611218454
partners consultants,0.030223344611218454
use personal,0.030223344611218454
disclosed transferred,0.030223344611218454
operating system,0.030223344611218454
use cookies,0.030223344611218454
use connection,0.030223344611218454
use applicable,0.030223344611218454
firms business,0.030223344611218454
parties registered,0.030223344611218454
additional information,0.030223344611218454
reserves right,0.030223344611218454
us personal,0.030223344611218454
us platform,0.030223344611218454
financial information,0.030223344611218454
allow undertake,0.030223344611218454
may receive,0.030223344611218454
publicly viewable,0.030223344611218454
purposes company,0.030223344611218454
faith belief,0.030223344611218454
payment gateways,0.030223344611218454
unauthorized access,0.030223344611218454
may disclose,0.030223344611218454
ask provide,0.030223344611218454
may provide,0.030223344611218454
acknowledge agree,0.030223344611218454
unconditional right,0.030223344611218454
unauthorized third,0.030223344611218454
dealt handled,0.030223344611218454
visits platform,0.030223344611218454
policy set,0.015111672305609227
policy time,0.015111672305609227
prescriptions similar,0.015111672305609227
rectification represent,0.015111672305609227
policy sharing,0.015111672305609227
prevent loss,0.015111672305609227
provisions terms,0.015111672305609227
record keeping,0.015111672305609227
purposes privacy,0.015111672305609227
post sole,0.015111672305609227
primarily user,0.015111672305609227
prior pursuing,0.015111672305609227
purpose discretion,0.015111672305609227
refer us,0.015111672305609227
privacy information,0.015111672305609227
policy respond,0.015111672305609227
record calls,0.015111672305609227
privacy practice,0.015111672305609227
privacy privacy,0.015111672305609227
purposes specified,0.015111672305609227
recognize unique,0.015111672305609227
pursuant referral,0.015111672305609227
providing us,0.015111672305609227
rectify update,0.015111672305609227
providing product,0.015111672305609227
public company,0.015111672305609227
preferences tracking,0.015111672305609227
questions concerns,0.015111672305609227
policy users,0.015111672305609227
purpose completing,0.015111672305609227
questions provide,0.015111672305609227
post part,0.015111672305609227
purposes consent,0.015111672305609227
posts mentioned,0.015111672305609227
publish send,0.015111672305609227
problems server,0.015111672305609227
publicly available,0.015111672305609227
posts purpose,0.015111672305609227
possession adhere,0.015111672305609227
practice information,0.015111672305609227
recourse complaints,0.015111672305609227
portions privacy,0.015111672305609227
purpose fulfilling,0.015111672305609227
record required,0.015111672305609227
practices content,0.015111672305609227
publicly accessible,0.015111672305609227
purposes allow,0.015111672305609227
posts event,0.015111672305609227
posting content,0.015111672305609227
public posts,0.015111672305609227
precise location,0.015111672305609227
preference settings,0.015111672305609227
providing offers,0.015111672305609227
reason including,0.015111672305609227
range services,0.015111672305609227
provided pursuant,0.015111672305609227
provided company,0.015111672305609227
provide complete,0.015111672305609227
provided hereunder,0.015111672305609227
provide aggregate,0.015111672305609227
provide additional,0.015111672305609227
provided initiating,0.015111672305609227
protecting unauthorized,0.015111672305609227
provided amount,0.015111672305609227
read harmoniously,0.015111672305609227
protecting privacy,0.015111672305609227
pursuing recourse,0.015111672305609227
reasonable steps,0.015111672305609227
provided us,0.015111672305609227
provided using,0.015111672305609227
provided communicated,0.015111672305609227
provide users,0.015111672305609227
protect us,0.015111672305609227
policy respective,0.015111672305609227
provide reasonable,0.015111672305609227
provide personal,0.015111672305609227
provide mobile,0.015111672305609227
provide merchant,0.015111672305609227
provide location,0.015111672305609227
provide later,0.015111672305609227
provide information,0.015111672305609227
provide us,0.015111672305609227
provide full,0.015111672305609227
provide feedback,0.015111672305609227
reasonable information,0.015111672305609227
provide customer,0.015111672305609227
read privacy,0.015111672305609227
reasonable notice,0.015111672305609227
provider aggregate,0.015111672305609227
protect serve,0.015111672305609227
proceeding transaction,0.015111672305609227
receiving non,0.015111672305609227
rating users,0.015111672305609227
product services,0.015111672305609227
providers promotion,0.015111672305609227
product service,0.015111672305609227
processing delivery,0.015111672305609227
providers purpose,0.015111672305609227
rating order,0.015111672305609227
providers like,0.015111672305609227
provide services,0.015111672305609227
receiving personal,0.015111672305609227
processed accordance,0.015111672305609227
providers supporting,0.015111672305609227
process may,0.015111672305609227
process inquiries,0.015111672305609227
providers payment,0.015111672305609227
profile picture,0.015111672305609227
providers company,0.015111672305609227
protect company,0.015111672305609227
receive feedback,0.015111672305609227
protect personal,0.015111672305609227
protect defend,0.015111672305609227
providers including,0.015111672305609227
protect data,0.015111672305609227
reach kind,0.015111672305609227
property personal,0.015111672305609227
program platform,0.015111672305609227
property company,0.015111672305609227
promotional marketing,0.015111672305609227
receive store,0.015111672305609227
promotional emails,0.015111672305609227
promote safe,0.015111672305609227
prominent notice,0.015111672305609227
quality services,0.015111672305609227
10 company,0.015111672305609227
policy reserve,0.015111672305609227
owners others,0.015111672305609227
parties users,0.015111672305609227
parties third,0.015111672305609227
parties never,0.015111672305609227
parties advertise,0.015111672305609227
part post,0.015111672305609227
part going,0.015111672305609227
pages request,0.015111672305609227
pages posts,0.015111672305609227
page accept,0.015111672305609227
otherwise effort,0.015111672305609227
people refer,0.015111672305609227
otherwise another,0.015111672305609227
others provide,0.015111672305609227
others good,0.015111672305609227
orders legal,0.015111672305609227
ordered task,0.015111672305609227
order status,0.015111672305609227
order process,0.015111672305609227
order enhance,0.015111672305609227
order details,0.015111672305609227
partner merchant,0.015111672305609227
partner merchants,0.015111672305609227
partners affiliated,0.015111672305609227
partners financial,0.015111672305609227
payments respect,0.015111672305609227
payments manage,0.015111672305609227
payment method,0.015111672305609227
payment aggregator,0.015111672305609227
passwords pins,0.015111672305609227
password security,0.015111672305609227
party websites,0.015111672305609227
party website,0.015111672305609227
party rights,0.015111672305609227
party provided,0.015111672305609227
party protect,0.015111672305609227
party platforms,0.015111672305609227
party platform,0.015111672305609227
party payment,0.015111672305609227
party link,0.015111672305609227
party advertising,0.015111672305609227
party access,0.015111672305609227
partners us,0.015111672305609227
partners including,0.015111672305609227
optional may,0.015111672305609227
optional basis,0.015111672305609227
option allow,0.015111672305609227
numbers addresses,0.015111672305609227
number mail,0.015111672305609227
number device,0.015111672305609227
number click,0.015111672305609227
notifying changes,0.015111672305609227
notices changes,0.015111672305609227
notice platform,0.015111672305609227
non promotional,0.015111672305609227
non essential,0.015111672305609227
newsletters please,0.015111672305609227
new combined,0.015111672305609227
never able,0.015111672305609227
network information,0.015111672305609227
negotiation merger,0.015111672305609227
negligence etc,0.015111672305609227
need know,0.015111672305609227
need disclose,0.015111672305609227
need access,0.015111672305609227
necessary respond,0.015111672305609227
necessary enforce,0.015111672305609227
number visits,0.015111672305609227
numbers service,0.015111672305609227
opt receiving,0.015111672305609227
obligation specifically,0.015111672305609227
opt provide,0.015111672305609227
opt company,0.015111672305609227
opportunity opt,0.015111672305609227
opinion company,0.015111672305609227
operating systems,0.015111672305609227
operated maintained,0.015111672305609227
operate services,0.015111672305609227
offices third,0.015111672305609227
officer grievances,0.015111672305609227
office unit,0.015111672305609227
offers surveys,0.015111672305609227
offers available,0.015111672305609227
offered platform,0.015111672305609227
occurrence instance,0.015111672305609227
occur business,0.015111672305609227
obtained withdraw,0.015111672305609227
obtain consent,0.015111672305609227
obtain certain,0.015111672305609227
obligations arising,0.015111672305609227
payments services,0.015111672305609227
permission following,0.015111672305609227
policy regularly,0.015111672305609227
platform sending,0.015111672305609227
platform third,0.015111672305609227
platform terms,0.015111672305609227
platform telecommunication,0.015111672305609227
platform sms,0.015111672305609227
platform sites,0.015111672305609227
platform site,0.015111672305609227
platform share,0.015111672305609227
platform shall,0.015111672305609227
platform server,0.015111672305609227
platform said,0.015111672305609227
permission system,0.015111672305609227
platform respond,0.015111672305609227
platform reserve,0.015111672305609227
referred company,0.015111672305609227
platform relation,0.015111672305609227
platform receive,0.015111672305609227
platform publicly,0.015111672305609227
platform privacy,0.015111672305609227
platform portion,0.015111672305609227
platform play,0.015111672305609227
platform transaction,0.015111672305609227
platform websites,0.015111672305609227
platform writing,0.015111672305609227
platforms may,0.015111672305609227
policy provisions,0.015111672305609227
policy incorporated,0.015111672305609227
policy every,0.015111672305609227
policy disclose,0.015111672305609227
policy continued,0.015111672305609227
policy contacting,0.015111672305609227
policy collection,0.015111672305609227
policy carefully,0.015111672305609227
policy capitalised,0.015111672305609227
policy agree,0.015111672305609227
policies terms,0.015111672305609227
policies govern,0.015111672305609227
point time,0.015111672305609227
please use,0.015111672305609227
please read,0.015111672305609227
please inform,0.015111672305609227
please feel,0.015111672305609227
please contact,0.015111672305609227
play important,0.015111672305609227
platform platform,0.015111672305609227
platform permits,0.015111672305609227
platform order,0.015111672305609227
platform additional,0.015111672305609227
platform according,0.015111672305609227
platform accessing,0.015111672305609227
plan merge,0.015111672305609227
place recognize,0.015111672305609227
pins ensure,0.015111672305609227
pictures items,0.015111672305609227
picture contact,0.015111672305609227
photo gallery,0.015111672305609227
phone number,0.015111672305609227
pertaining authenticity,0.015111672305609227
personally identify,0.015111672305609227
personally automatic,0.015111672305609227
personalized content,0.015111672305609227
personal data,0.015111672305609227
person emergency,0.015111672305609227
person access,0.015111672305609227
permits may,0.015111672305609227
permit us,0.015111672305609227
permit platform,0.015111672305609227
platform account,0.015111672305609227
platform affiliates,0.015111672305609227
platform name,0.015111672305609227
platform auditing,0.015111672305609227
platform measure,0.015111672305609227
platform maybe,0.015111672305609227
platform manner,0.015111672305609227
platform manage,0.015111672305609227
platform ip,0.015111672305609227
platform internal,0.015111672305609227
platform initiating,0.015111672305609227
platform initiate,0.015111672305609227
platform information,0.015111672305609227
platform however,0.015111672305609227
platform help,0.015111672305609227
platform frequency,0.015111672305609227
platform email,0.015111672305609227
platform discussion,0.015111672305609227
platform device,0.015111672305609227
platform date,0.015111672305609227
platform copies,0.015111672305609227
platform clicking,0.015111672305609227
platform carry,0.015111672305609227
referral program,0.015111672305609227
required purposes,0.015111672305609227
referred personal,0.015111672305609227
transmission unauthorized,0.015111672305609227
transactions 10,0.015111672305609227
transaction proceeding,0.015111672305609227
transaction occur,0.015111672305609227
transaction information,0.015111672305609227
transaction acknowledge,0.015111672305609227
tracking user,0.015111672305609227
track order,0.015111672305609227
together hereinafter,0.015111672305609227
time zone,0.015111672305609227
time without,0.015111672305609227
time withdrawal,0.015111672305609227
time visit,0.015111672305609227
time time,0.015111672305609227
time service,0.015111672305609227
time request,0.015111672305609227
time may,0.015111672305609227
testing troubleshooting,0.015111672305609227
terms similar,0.015111672305609227
terms policies,0.015111672305609227
terms please,0.015111672305609227
terms ii,0.015111672305609227
transfer collected,0.015111672305609227
transmissions payment,0.015111672305609227
terms defined,0.015111672305609227
transmitted platform,0.015111672305609227
unit 201,0.015111672305609227
uniquely identifies,0.015111672305609227
unique identifier,0.015111672305609227
unique cookie,0.015111672305609227
undertaking transaction,0.015111672305609227
undertake transaction,0.015111672305609227
undertake initiate,0.015111672305609227
undertake immediately,0.015111672305609227
understand protect,0.015111672305609227
unauthorized unlawful,0.015111672305609227
unauthorised person,0.015111672305609227
type software,0.015111672305609227
type service,0.015111672305609227
type internet,0.015111672305609227
type information,0.015111672305609227
type browser,0.015111672305609227
two sources,0.015111672305609227
try best,0.015111672305609227
troubleshooting data,0.015111672305609227
trends company,0.015111672305609227
transparency choice,0.015111672305609227
terms event,0.015111672305609227
temperature symptoms,0.015111672305609227
referred platform,0.015111672305609227
subpoenas court,0.015111672305609227
subject control,0.015111672305609227
string characters,0.015111672305609227
strict security,0.015111672305609227
storing user,0.015111672305609227
stored users,0.015111672305609227
stored servers,0.015111672305609227
stored attributable,0.015111672305609227
store payment,0.015111672305609227
store names,0.015111672305609227
store information,0.015111672305609227
store financial,0.015111672305609227
store certain,0.015111672305609227
still send,0.015111672305609227
steps help,0.015111672305609227
statutory registrations,0.015111672305609227
status processing,0.015111672305609227
statement privacy,0.015111672305609227
square 2nd,0.015111672305609227
specified hereunder,0.015111672305609227
specifically notifying,0.015111672305609227
specifically inform,0.015111672305609227
subject terms,0.015111672305609227
supersede privacy,0.015111672305609227
telephone number,0.015111672305609227
support better,0.015111672305609227
telecommunication device,0.015111672305609227
team reasonable,0.015111672305609227
tasks transactions,0.015111672305609227
tasks delivery,0.015111672305609227
task transaction,0.015111672305609227
task run,0.015111672305609227
task including,0.015111672305609227
target may,0.015111672305609227
target audience,0.015111672305609227
taken company,0.015111672305609227
take reasonable,0.015111672305609227
take guarantee,0.015111672305609227
systems versions,0.015111672305609227
system used,0.015111672305609227
system may,0.015111672305609227
system browser,0.015111672305609227
symptoms fever,0.015111672305609227
surveys offers,0.015111672305609227
surveys conducting,0.015111672305609227
supporting business,0.015111672305609227
support customer,0.015111672305609227
unlawful disclosures,0.015111672305609227
update account,0.015111672305609227
update change,0.015111672305609227
web browser,0.015111672305609227
way responsible,0.015111672305609227
warrant information,0.015111672305609227
want target,0.015111672305609227
want remove,0.015111672305609227
voluntarily give,0.015111672305609227
visible users,0.015111672305609227
violates rights,0.015111672305609227
viewed others,0.015111672305609227
viewable posts,0.015111672305609227
viewable portion,0.015111672305609227
viewable archived,0.015111672305609227
via prominent,0.015111672305609227
versions software,0.015111672305609227
verify information,0.015111672305609227
vendors merchants,0.015111672305609227
vendors insurance,0.015111672305609227
variation personal,0.015111672305609227
using registering,0.015111672305609227
using platform,0.015111672305609227
uses information,0.015111672305609227
users receiving,0.015111672305609227
web beacon,0.015111672305609227
web request,0.015111672305609227
updated legend,0.015111672305609227
website mobile,0.015111672305609227
www dunzo,0.015111672305609227
writing us,0.015111672305609227
writing email,0.015111672305609227
words location,0.015111672305609227
without specifically,0.015111672305609227
without limitation,0.015111672305609227
without coercion,0.015111672305609227
within 30,0.015111672305609227
within 24,0.015111672305609227
wishes displaying,0.015111672305609227
willingly without,0.015111672305609227
whether provide,0.015111672305609227
whenever access,0.015111672305609227
whatsoever company,0.015111672305609227
websites privacy,0.015111672305609227
websites order,0.015111672305609227
websites apps,0.015111672305609227
websites applications,0.015111672305609227
websites access,0.015111672305609227
website www,0.015111672305609227
website please,0.015111672305609227
users platform,0.015111672305609227
users partners,0.015111672305609227
users opportunity,0.015111672305609227
users longer,0.015111672305609227
us terms,0.015111672305609227
us support,0.015111672305609227
us services,0.015111672305609227
us request,0.015111672305609227
us order,0.015111672305609227
us ii,0.015111672305609227
us general,0.015111672305609227
us error,0.015111672305609227
us email,0.015111672305609227
us consonance,0.015111672305609227
us connection,0.015111672305609227
us comply,0.015111672305609227
us behalf,0.015111672305609227
us allow,0.015111672305609227
us agree,0.015111672305609227
us access,0.015111672305609227
urges acquaint,0.015111672305609227
upon request,0.015111672305609227
upon lodging,0.015111672305609227
upload current,0.015111672305609227
updates effective,0.015111672305609227
usage improvement,0.015111672305609227
usage platform,0.015111672305609227
use access,0.015111672305609227
user authentication,0.015111672305609227
users general,0.015111672305609227
users choice,0.015111672305609227
user trends,0.015111672305609227
user preferences,0.015111672305609227
user name,0.015111672305609227
user experience,0.015111672305609227
user data,0.015111672305609227
user communications,0.015111672305609227
user base,0.015111672305609227
used us,0.015111672305609227
use improve,0.015111672305609227
used mobile,0.015111672305609227
used inter,0.015111672305609227
used help,0.015111672305609227
use websites,0.015111672305609227
use terms,0.015111672305609227
use shall,0.015111672305609227
use reproduce,0.015111672305609227
use purposes,0.015111672305609227
use ip,0.015111672305609227
sources information,0.015111672305609227
sought reviews,0.015111672305609227
sought decision,0.015111672305609227
right remove,0.015111672305609227
reviews rating,0.015111672305609227
reviews questions,0.015111672305609227
reviews comments,0.015111672305609227
review privacy,0.015111672305609227
retain personal,0.015111672305609227
retain information,0.015111672305609227
retain communications,0.015111672305609227
results selected,0.015111672305609227
results personalized,0.015111672305609227
result selected,0.015111672305609227
restructuring business,0.015111672305609227
responsible verify,0.015111672305609227
responsibility payment,0.015111672305609227
responsibility disclosure,0.015111672305609227
respond subpoenas,0.015111672305609227
respond requests,0.015111672305609227
respond comments,0.015111672305609227
respond claims,0.015111672305609227
respective site,0.015111672305609227
respect transactions,0.015111672305609227
respect platform,0.015111672305609227
right change,0.015111672305609227
right retain,0.015111672305609227
secure unauthorized,0.015111672305609227
right store,0.015111672305609227
seconds minutes,0.015111672305609227
searches results,0.015111672305609227
searches device,0.015111672305609227
search words,0.015111672305609227
search results,0.015111672305609227
search history,0.015111672305609227
saved stored,0.015111672305609227
said information,0.015111672305609227
safety users,0.015111672305609227
safety information,0.015111672305609227
safety company,0.015111672305609227
safe service,0.015111672305609227
running task,0.015111672305609227
running foreground,0.015111672305609227
run chat,0.015111672305609227
role keeping,0.015111672305609227
road indiranagar,0.015111672305609227
rights third,0.015111672305609227
rights privacy,0.015111672305609227
rights owners,0.015111672305609227
right use,0.015111672305609227
respect manner,0.015111672305609227
resolve disputes,0.015111672305609227
reserve unconditional,0.015111672305609227
reserve right,0.015111672305609227
remove delete,0.015111672305609227
remove contact,0.015111672305609227
remain viewable,0.015111672305609227
remain anonymous,0.015111672305609227
relevant customer,0.015111672305609227
relationship company,0.015111672305609227
relation transactions,0.015111672305609227
relation platform,0.015111672305609227
relating privacy,0.015111672305609227
relating posts,0.015111672305609227
related use,0.015111672305609227
related transactions,0.015111672305609227
related transaction,0.015111672305609227
related declarations,0.015111672305609227
related communications,0.015111672305609227
regularly changes,0.015111672305609227
registrations kyc,0.015111672305609227
registering platform,0.015111672305609227
registered users,0.015111672305609227
registered office,0.015111672305609227
regarding privacy,0.015111672305609227
remove portions,0.015111672305609227
reorganization amalgamation,0.015111672305609227
represent warrant,0.015111672305609227
required applicable,0.015111672305609227
reserve option,0.015111672305609227
research user,0.015111672305609227
research demographics,0.015111672305609227
research conducted,0.015111672305609227
required tasks,0.015111672305609227
names telephone,0.015111672305609227
required law,0.015111672305609227
required filled,0.015111672305609227
required complete,0.015111672305609227
require access,0.015111672305609227
reproduce share,0.015111672305609227
requests may,0.015111672305609227
requests improve,0.015111672305609227
requests fulfil,0.015111672305609227
requested date,0.015111672305609227
request writing,0.015111672305609227
request number,0.015111672305609227
request merchants,0.015111672305609227
request internet,0.015111672305609227
request information,0.015111672305609227
secure shall,0.015111672305609227
secured passwords,0.015111672305609227
sole opinion,0.015111672305609227
shall unconditional,0.015111672305609227
shall together,0.015111672305609227
shall take,0.015111672305609227
shall supersede,0.015111672305609227
shall signify,0.015111672305609227
shall share,0.015111672305609227
shall read,0.015111672305609227
shall publicly,0.015111672305609227
shall obligation,0.015111672305609227
shall meaning,0.015111672305609227
shall lie,0.015111672305609227
shall liable,0.015111672305609227
shall first,0.015111672305609227
shall final,0.015111672305609227
shall event,0.015111672305609227
shall entitled,0.015111672305609227
shall deemed,0.015111672305609227
shall comply,0.015111672305609227
shall complete,0.015111672305609227
shall collectively,0.015111672305609227
shall apply,0.015111672305609227
settings time,0.015111672305609227
shall try,0.015111672305609227
shall used,0.015111672305609227
security data,0.015111672305609227
share posts,0.015111672305609227
software hardware,0.015111672305609227
software file,0.015111672305609227
smart square,0.015111672305609227
small file,0.015111672305609227
sites companies,0.015111672305609227
site platform,0.015111672305609227
site governed,0.015111672305609227
site company,0.015111672305609227
site collects,0.015111672305609227
site access,0.015111672305609227
site 10,0.015111672305609227
similar meaning,0.015111672305609227
similar documents,0.015111672305609227
signify consent,0.015111672305609227
significant changes,0.015111672305609227
sign merchant,0.015111672305609227
sharing personal,0.015111672305609227
sharing information,0.015111672305609227
share user,0.015111672305609227
share upload,0.015111672305609227
share transfer,0.015111672305609227
set manner,0.015111672305609227
services third,0.015111672305609227
services storing,0.015111672305609227
services sought,0.015111672305609227
service available,0.015111672305609227
servers secured,0.015111672305609227
server logs,0.015111672305609227
server administer,0.015111672305609227
serve better,0.015111672305609227
serve advertisements,0.015111672305609227
sent writing,0.015111672305609227
sending us,0.015111672305609227
send us,0.015111672305609227
send notice,0.015111672305609227
send non,0.015111672305609227
send emails,0.015111672305609227
send communications,0.015111672305609227
selling providing,0.015111672305609227
selected searches,0.015111672305609227
selected active,0.015111672305609227
seek approval,0.015111672305609227
security platform,0.015111672305609227
security measures,0.015111672305609227
security information,0.015111672305609227
security guidelines,0.015111672305609227
service communicate,0.015111672305609227
service company,0.015111672305609227
service features,0.015111672305609227
services defined,0.015111672305609227
services services,0.015111672305609227
services purposes,0.015111672305609227
services publish,0.015111672305609227
services provide,0.015111672305609227
services parties,0.015111672305609227
services offered,0.015111672305609227
services information,0.015111672305609227
services including,0.015111672305609227
services improve,0.015111672305609227
services customize,0.015111672305609227
service platform,0.015111672305609227
services currently,0.015111672305609227
services cookie,0.015111672305609227
services company,0.015111672305609227
service team,0.015111672305609227
service sought,0.015111672305609227
service requested,0.015111672305609227
service relevant,0.015111672305609227
service provider,0.015111672305609227
service provided,0.015111672305609227
nature product,0.015111672305609227
may provided,0.015111672305609227
names contact,0.015111672305609227
company collects,0.015111672305609227
company parties,0.015111672305609227
company members,0.015111672305609227
company internal,0.015111672305609227
company incurring,0.015111672305609227
company including,0.015111672305609227
company improve,0.015111672305609227
company hereby,0.015111672305609227
company enhancing,0.015111672305609227
company comply,0.015111672305609227
company complaints,0.015111672305609227
company cannot,0.015111672305609227
certain links,0.015111672305609227
company assumes,0.015111672305609227
company adopted,0.015111672305609227
companies use,0.015111672305609227
companies third,0.015111672305609227
companies serve,0.015111672305609227
communications send,0.015111672305609227
communications respect,0.015111672305609227
communications relation,0.015111672305609227
communications order,0.015111672305609227
communications emails,0.015111672305609227
company platform,0.015111672305609227
company prior,0.015111672305609227
company promotion,0.015111672305609227
company registered,0.015111672305609227
comply advertisers,0.015111672305609227
compliance applicable,0.015111672305609227
completion transaction,0.015111672305609227
completing transaction,0.015111672305609227
complete tasks,0.015111672305609227
complete task,0.015111672305609227
complete support,0.015111672305609227
complete aspects,0.015111672305609227
complete anonymizing,0.015111672305609227
complaints shall,0.015111672305609227
complaints lodged,0.015111672305609227
complaints case,0.015111672305609227
complaint customer,0.015111672305609227
complaint agree,0.015111672305609227
compiled analysed,0.015111672305609227
company way,0.015111672305609227
company us,0.015111672305609227
company urges,0.015111672305609227
company track,0.015111672305609227
company store,0.015111672305609227
company relation,0.015111672305609227
communicated us,0.015111672305609227
communicate important,0.015111672305609227
committed protecting,0.015111672305609227
choose withdraw,0.015111672305609227
choose complete,0.015111672305609227
choice opt,0.015111672305609227
choice acknowledgement,0.015111672305609227
checking last,0.015111672305609227
chat history,0.015111672305609227
chat areas,0.015111672305609227
charged related,0.015111672305609227
characters uniquely,0.015111672305609227
changes via,0.015111672305609227
changes updates,0.015111672305609227
changes services,0.015111672305609227
changes privacy,0.015111672305609227
changes policy,0.015111672305609227
changes made,0.015111672305609227
changes endeavour,0.015111672305609227
changes determine,0.015111672305609227
changes changes,0.015111672305609227
changes agreement,0.015111672305609227
change variation,0.015111672305609227
change modify,0.015111672305609227
certain service,0.015111672305609227
choose provide,0.015111672305609227
claims advertisement,0.015111672305609227
comments reviews,0.015111672305609227
click search,0.015111672305609227
comments etc,0.015111672305609227
combined entity,0.015111672305609227
collects uses,0.015111672305609227
collects information,0.015111672305609227
collection information,0.015111672305609227
collected visit,0.015111672305609227
collected us,0.015111672305609227
collected third,0.015111672305609227
collected site,0.015111672305609227
collected processed,0.015111672305609227
collected information,0.015111672305609227
collected enable,0.015111672305609227
collect transaction,0.015111672305609227
collect precise,0.015111672305609227
collect personal,0.015111672305609227
collect medical,0.015111672305609227
collect following,0.015111672305609227
collating feedback,0.015111672305609227
cold health,0.015111672305609227
coercion liability,0.015111672305609227
clicking accept,0.015111672305609227
comply instructions,0.015111672305609227
comply law,0.015111672305609227
comply terms,0.015111672305609227
declarations including,0.015111672305609227
decide whether,0.015111672305609227
days date,0.015111672305609227
date withdrawal,0.015111672305609227
date birth,0.015111672305609227
data within,0.015111672305609227
data transmitted,0.015111672305609227
data process,0.015111672305609227
data permit,0.015111672305609227
data payment,0.015111672305609227
data information,0.015111672305609227
data cannot,0.015111672305609227
data browser,0.015111672305609227
data analysis,0.015111672305609227
customize experience,0.015111672305609227
customize develop,0.015111672305609227
customer surveys,0.015111672305609227
customer support,0.015111672305609227
currently store,0.015111672305609227
current future,0.015111672305609227
credit card,0.015111672305609227
court orders,0.015111672305609227
decision company,0.015111672305609227
deemed disclosed,0.015111672305609227
correct complete,0.015111672305609227
defeat security,0.015111672305609227
detect protect,0.015111672305609227
details related,0.015111672305609227
details receive,0.015111672305609227
details people,0.015111672305609227
details may,0.015111672305609227
details history,0.015111672305609227
details etc,0.015111672305609227
details copies,0.015111672305609227
details call,0.015111672305609227
details additionally,0.015111672305609227
destruction information,0.015111672305609227
derive approximate,0.015111672305609227
depending nature,0.015111672305609227
demographics interests,0.015111672305609227
demographic information,0.015111672305609227
delivery applicable,0.015111672305609227
delete posts,0.015111672305609227
delete post,0.015111672305609227
defined website,0.015111672305609227
defined privacy,0.015111672305609227
defend rights,0.015111672305609227
cough cold,0.015111672305609227
copies posts,0.015111672305609227
concerns regarding,0.015111672305609227
consent sharing,0.015111672305609227
consent rectification,0.015111672305609227
consent provided,0.015111672305609227
consent must,0.015111672305609227
consent may,0.015111672305609227
consent content,0.015111672305609227
consent company,0.015111672305609227
consent changes,0.015111672305609227
consent acceptance,0.015111672305609227
connection web,0.015111672305609227
connection use,0.015111672305609227
connection services,0.015111672305609227
connection negotiation,0.015111672305609227
connection booking,0.015111672305609227
conjunction terms,0.015111672305609227
conflict terms,0.015111672305609227
conducting research,0.015111672305609227
conducted either,0.015111672305609227
conditions relating,0.015111672305609227
conditions may,0.015111672305609227
conditions identify,0.015111672305609227
conditions applicable,0.015111672305609227
consent reserve,0.015111672305609227
consent time,0.015111672305609227
copies government,0.015111672305609227
consonance privacy,0.015111672305609227
copied stored,0.015111672305609227
cookies small,0.015111672305609227
cookies primarily,0.015111672305609227
cookie information,0.015111672305609227
cookie browser,0.015111672305609227
control responsibility,0.015111672305609227
control practices,0.015111672305609227
control although,0.015111672305609227
control 11,0.015111672305609227
contractually bound,0.015111672305609227
contracts us,0.015111672305609227
continued use,0.015111672305609227
content violates,0.015111672305609227
content use,0.015111672305609227
content third,0.015111672305609227
content personal,0.015111672305609227
containing string,0.015111672305609227
contain links,0.015111672305609227
contacting us,0.015111672305609227
contact support,0.015111672305609227
consumer interest,0.015111672305609227
certain non,0.015111672305609227
certain health,0.015111672305609227
names advertisement,0.015111672305609227
advertisements goods,0.015111672305609227
affirmatively voluntarily,0.015111672305609227
affiliates share,0.015111672305609227
affiliated companies,0.015111672305609227
advertising companies,0.015111672305609227
advertisers wishes,0.015111672305609227
advertisers subject,0.015111672305609227
advertisers reach,0.015111672305609227
advertisers may,0.015111672305609227
advertisements visit,0.015111672305609227
advertisements services,0.015111672305609227
advertisement target,0.015111672305609227
certain financial,0.015111672305609227
advertisement posting,0.015111672305609227
advertisement identifiers,0.015111672305609227
advertise products,0.015111672305609227
adopted privacy,0.015111672305609227
administer platform,0.015111672305609227
adhere strict,0.015111672305609227
addresses limited,0.015111672305609227
address user,0.015111672305609227
address telephone,0.015111672305609227
address record,0.015111672305609227
agents insurers,0.015111672305609227
aggregate anonymised,0.015111672305609227
aggregate user,0.015111672305609227
aggregated basis,0.015111672305609227
always secure,0.015111672305609227
although shall,0.015111672305609227
alteration destruction,0.015111672305609227
also used,0.015111672305609227
also use,0.015111672305609227
also share,0.015111672305609227
also enable,0.015111672305609227
also derive,0.015111672305609227
also ask,0.015111672305609227
allow use,0.015111672305609227
alia following,0.015111672305609227
agreements policies,0.015111672305609227
agreement legally,0.015111672305609227
agree use,0.015111672305609227
agree provide,0.015111672305609227
agree privacy,0.015111672305609227
agree legally,0.015111672305609227
agree comply,0.015111672305609227
agree case,0.015111672305609227
agree bound,0.015111672305609227
aggregator payment,0.015111672305609227
address operating,0.015111672305609227
address mobile,0.015111672305609227
address help,0.015111672305609227
accesses platform,0.015111672305609227
access service,0.015111672305609227
access location,0.015111672305609227
access information,0.015111672305609227
access disclosure,0.015111672305609227
access company,0.015111672305609227
access causes,0.015111672305609227
acceptance amended,0.015111672305609227
accept privacy,0.015111672305609227
accept button,0.015111672305609227
absolutely correct,0.015111672305609227
able defeat,0.015111672305609227
560038 karnataka,0.015111672305609227
30 days,0.015111672305609227
2nd floor,0.015111672305609227
24 hours,0.015111672305609227
201 smart,0.015111672305609227
13 grievances,0.015111672305609227
12 changes,0.015111672305609227
11 complaints,0.015111672305609227
100 feet,0.015111672305609227
10 third,0.015111672305609227
access store,0.015111672305609227
accessible visible,0.015111672305609227
address give,0.015111672305609227
accessing material,0.015111672305609227
address email,0.015111672305609227
address date,0.015111672305609227
address company,0.015111672305609227
address browser,0.015111672305609227
address also,0.015111672305609227
additionally record,0.015111672305609227
additionally delivery,0.015111672305609227
add remove,0.015111672305609227
activity enforce,0.015111672305609227
active seconds,0.015111672305609227
acquisition bankruptcy,0.015111672305609227
acquired business,0.015111672305609227
acquaint terms,0.015111672305609227
acknowledgement information,0.015111672305609227
account send,0.015111672305609227
account related,0.015111672305609227
account etc,0.015111672305609227
account data,0.015111672305609227
account anyone,0.015111672305609227
according interests,0.015111672305609227
accordance terms,0.015111672305609227
amalgamation restructuring,0.015111672305609227
amended privacy,0.015111672305609227
amount charged,0.015111672305609227
browser accesses,0.015111672305609227
bound comply,0.015111672305609227
bound agree,0.015111672305609227
bound 13,0.015111672305609227
bound 12,0.015111672305609227
booking service,0.015111672305609227
book may,0.015111672305609227
book facilitate,0.015111672305609227
book device,0.015111672305609227
book certain,0.015111672305609227
book calendar,0.015111672305609227
body temperature,0.015111672305609227
boards messages,0.015111672305609227
birth profile,0.015111672305609227
beyond control,0.015111672305609227
better understand,0.015111672305609227
better service,0.015111672305609227
better information,0.015111672305609227
best protect,0.015111672305609227
bengaluru 560038,0.015111672305609227
believe disclosure,0.015111672305609227
behaviour better,0.015111672305609227
broad demographic,0.015111672305609227
browser language,0.015111672305609227
beacon information,0.015111672305609227
browser may,0.015111672305609227
certain features,0.015111672305609227
causes beyond,0.015111672305609227
categories address,0.015111672305609227
case withdrawal,0.015111672305609227
case provide,0.015111672305609227
case dissatisfaction,0.015111672305609227
carry service,0.015111672305609227
carry obligations,0.015111672305609227
carefully using,0.015111672305609227
card information,0.015111672305609227
capitalised terms,0.015111672305609227
cannot take,0.015111672305609227
cannot guarantee,0.015111672305609227
calls us,0.015111672305609227
call sms,0.015111672305609227
call send,0.015111672305609227
calendar photo,0.015111672305609227
button landing,0.015111672305609227
business connection,0.015111672305609227
business carry,0.015111672305609227
browser obtain,0.015111672305609227
behalf partners,0.015111672305609227
basis upon,0.015111672305609227
analysed aggregated,0.015111672305609227
arise use,0.015111672305609227
archived pages,0.015111672305609227
apps operate,0.015111672305609227
approximate location,0.015111672305609227
approval consent,0.015111672305609227
appropriate comply,0.015111672305609227
apply users,0.015111672305609227
applications operated,0.015111672305609227
application dunzo,0.015111672305609227
applicable laws,0.015111672305609227
applicable including,0.015111672305609227
applicable collating,0.015111672305609227
app transaction,0.015111672305609227
app running,0.015111672305609227
app collectively,0.015111672305609227
anyone public,0.015111672305609227
another business,0.015111672305609227
anonymous us,0.015111672305609227
anonymizing data,0.015111672305609227
anonymised information,0.015111672305609227
anonymised form,0.015111672305609227
analysis research,0.015111672305609227
areas etc,0.015111672305609227
arisen writing,0.015111672305609227
basis may,0.015111672305609227
arising contracts,0.015111672305609227
basis manner,0.015111672305609227
based services,0.015111672305609227
base usage,0.015111672305609227
bankruptcy dissolution,0.015111672305609227
background may,0.015111672305609227
availing services,0.015111672305609227
available viewed,0.015111672305609227
automatically collected,0.015111672305609227
automatic information,0.015111672305609227
authenticity genuineness,0.015111672305609227
authentication may,0.015111672305609227
auditing testing,0.015111672305609227
audience want,0.015111672305609227
audience transparency,0.015111672305609227
attributes pages,0.015111672305609227
attributable identify,0.015111672305609227
assumes liability,0.015111672305609227
assets plan,0.015111672305609227
aspects undertake,0.015111672305609227
ask certain,0.015111672305609227
ascribed applicable,0.015111672305609227
determine changes,0.015111672305609227
develop improve,0.015111672305609227
device app,0.015111672305609227
inter alia,0.015111672305609227
internet service,0.015111672305609227
internet connection,0.015111672305609227
internal research,0.015111672305609227
internal record,0.015111672305609227
internal purposes,0.015111672305609227
interests may,0.015111672305609227
interests behaviour,0.015111672305609227
interest shall,0.015111672305609227
interest services,0.015111672305609227
interest privacy,0.015111672305609227
insurers promotion,0.015111672305609227
device collect,0.015111672305609227
insurance service,0.015111672305609227
insurance agents,0.015111672305609227
instructions may,0.015111672305609227
instance grievance,0.015111672305609227
inquiries respond,0.015111672305609227
initiating undertaking,0.015111672305609227
initiating running,0.015111672305609227
initiate transactions,0.015111672305609227
initiate transaction,0.015111672305609227
information whenever,0.015111672305609227
issued identification,0.015111672305609227
items ordered,0.015111672305609227
iv protect,0.015111672305609227
karnataka india,0.015111672305609227
liabilities respect,0.015111672305609227
legend make,0.015111672305609227
legal process,0.015111672305609227
legal liability,0.015111672305609227
laws expressly,0.015111672305609227
law posts,0.015111672305609227
law obtain,0.015111672305609227
law ii,0.015111672305609227
law good,0.015111672305609227
law enforcement,0.015111672305609227
law believe,0.015111672305609227
later withdraw,0.015111672305609227
last updated,0.015111672305609227
language searches,0.015111672305609227
language date,0.015111672305609227
landing page,0.015111672305609227
kyc details,0.015111672305609227
know basis,0.015111672305609227
kind audience,0.015111672305609227
keeping personal,0.015111672305609227
keeping company,0.015111672305609227
information want,0.015111672305609227
information visits,0.015111672305609227
information visit,0.015111672305609227
information law,0.015111672305609227
information identify,0.015111672305609227
information identifiable,0.015111672305609227
information hence,0.015111672305609227
information form,0.015111672305609227
information etc,0.015111672305609227
information duration,0.015111672305609227
information due,0.015111672305609227
information direct,0.015111672305609227
information customize,0.015111672305609227
information compliance,0.015111672305609227
information completion,0.015111672305609227
information compiled,0.015111672305609227
information company,0.015111672305609227
information collect,0.015111672305609227
information availing,0.015111672305609227
information automatically,0.015111672305609227
information applicable,0.015111672305609227
information anonymised,0.015111672305609227
information always,0.015111672305609227
information affirmatively,0.015111672305609227
information address,0.015111672305609227
information internal,0.015111672305609227
information lists,0.015111672305609227
information users,0.015111672305609227
information location,0.015111672305609227
information us,0.015111672305609227
information two,0.015111672305609227
information stored,0.015111672305609227
information sought,0.015111672305609227
information service,0.015111672305609227
information secure,0.015111672305609227
information saved,0.015111672305609227
information safety,0.015111672305609227
information resolve,0.015111672305609227
information registered,0.015111672305609227
information receive,0.015111672305609227
information protect,0.015111672305609227
information preference,0.015111672305609227
information possession,0.015111672305609227
information permission,0.015111672305609227
information order,0.015111672305609227
information optional,0.015111672305609227
information obtained,0.015111672305609227
information non,0.015111672305609227
information need,0.015111672305609227
information made,0.015111672305609227
liability event,0.015111672305609227
liability pertaining,0.015111672305609227
liability responsibility,0.015111672305609227
merchant may,0.015111672305609227
members employees,0.015111672305609227
medical prescriptions,0.015111672305609227
medical information,0.015111672305609227
measures taken,0.015111672305609227
measure consumer,0.015111672305609227
meaning committed,0.015111672305609227
meaning ascribed,0.015111672305609227
maybe used,0.015111672305609227
may third,0.015111672305609227
may still,0.015111672305609227
may sought,0.015111672305609227
may retain,0.015111672305609227
may required,0.015111672305609227
may remain,0.015111672305609227
10 hereby,0.015111672305609227
may place,0.015111672305609227
may need,0.015111672305609227
may make,0.015111672305609227
may include,0.015111672305609227
may direct,0.015111672305609227
may decide,0.015111672305609227
mentioned applicable,0.015111672305609227
merchants help,0.015111672305609227
may contain,0.015111672305609227
merchants insurance,0.015111672305609227
name password,0.015111672305609227
name gender,0.015111672305609227
name contact,0.015111672305609227
name address,0.015111672305609227
must sent,0.015111672305609227
modify add,0.015111672305609227
model operating,0.015111672305609227
mobile telephone,0.015111672305609227
mobile phone,0.015111672305609227
mobile operating,0.015111672305609227
mobile network,0.015111672305609227
mobile application,0.015111672305609227
misuse unauthorized,0.015111672305609227
misrepresentation fraud,0.015111672305609227
minutes platform,0.015111672305609227
method data,0.015111672305609227
messages chat,0.015111672305609227
merger financing,0.015111672305609227
merge acquired,0.015111672305609227
merchants vendors,0.015111672305609227
merchants selling,0.015111672305609227
may copied,0.015111672305609227
may certain,0.015111672305609227
liable control,0.015111672305609227
lodging complaint,0.015111672305609227
location products,0.015111672305609227
location permission,0.015111672305609227
location ip,0.015111672305609227
location details,0.015111672305609227
location data,0.015111672305609227
location based,0.015111672305609227
lists newsletters,0.015111672305609227
links websites,0.015111672305609227
links may,0.015111672305609227
link 10,0.015111672305609227
limited search,0.015111672305609227
limited purpose,0.015111672305609227
limited private,0.015111672305609227
limited personal,0.015111672305609227
limited name,0.015111672305609227
limited errors,0.015111672305609227
limited company,0.015111672305609227
limitation search,0.015111672305609227
like payment,0.015111672305609227
lie company,0.015111672305609227
liable unauthorized,0.015111672305609227
lodged grievances,0.015111672305609227
logs may,0.015111672305609227
may call,0.015111672305609227
longer remain,0.015111672305609227
may arise,0.015111672305609227
may additionally,0.015111672305609227
may access,0.015111672305609227
material information,0.015111672305609227
marketing related,0.015111672305609227
marketing purposes,0.015111672305609227
manner whatsoever,0.015111672305609227
manner site,0.015111672305609227
manner personally,0.015111672305609227
manner personal,0.015111672305609227
manner information,0.015111672305609227
mandatorily required,0.015111672305609227
manage payment,0.015111672305609227
manage account,0.015111672305609227
make use,0.015111672305609227
make significant,0.015111672305609227
maintained company,0.015111672305609227
mail address,0.015111672305609227
made checking,0.015111672305609227
made advertisers,0.015111672305609227
loss misuse,0.015111672305609227
information account,0.015111672305609227
information absolutely,0.015111672305609227
inform within,0.015111672305609227
every site,0.015111672305609227
event liable,0.015111672305609227
event grievances,0.015111672305609227
event conflict,0.015111672305609227
event company,0.015111672305609227
etc type,0.015111672305609227
etc sign,0.015111672305609227
etc publicly,0.015111672305609227
etc process,0.015111672305609227
etc platform,0.015111672305609227
etc information,0.015111672305609227
essential promotional,0.015111672305609227
errors transmission,0.015111672305609227
error fraud,0.015111672305609227
entity reorganization,0.015111672305609227
entity new,0.015111672305609227
entity contractually,0.015111672305609227
entity assets,0.015111672305609227
entitled retain,0.015111672305609227
ensure unauthorised,0.015111672305609227
enhancing security,0.015111672305609227
enhance user,0.015111672305609227
event posts,0.015111672305609227
experience detect,0.015111672305609227
enforce agreements,0.015111672305609227
experience provide,0.015111672305609227
financing acquisition,0.015111672305609227
financial service,0.015111672305609227
final agree,0.015111672305609227
filled fields,0.015111672305609227
file names,0.015111672305609227
file formal,0.015111672305609227
file containing,0.015111672305609227
fields optional,0.015111672305609227
fields mandatorily,0.015111672305609227
fever cough,0.015111672305609227
feet road,0.015111672305609227
feel free,0.015111672305609227
feedback reviews,0.015111672305609227
feedback rating,0.015111672305609227
feedback providing,0.015111672305609227
features require,0.015111672305609227
features need,0.015111672305609227
features app,0.015111672305609227
facilitate certain,0.015111672305609227
expressly disclaims,0.015111672305609227
expressly consent,0.015111672305609227
enforcement offices,0.015111672305609227
endeavour provide,0.015111672305609227
floor 100,0.015111672305609227
disputes may,0.015111672305609227
discussion boards,0.015111672305609227
discretion delete,0.015111672305609227
disclosures personal,0.015111672305609227
disclosure information,0.015111672305609227
disclosure appropriate,0.015111672305609227
disclosure alteration,0.015111672305609227
disclosed willingly,0.015111672305609227
disclose information,0.015111672305609227
disclaims liabilities,0.015111672305609227
directly company,0.015111672305609227
direct websites,0.015111672305609227
direct questions,0.015111672305609227
direct control,0.015111672305609227
digital private,0.015111672305609227
diagnose problems,0.015111672305609227
device permit,0.015111672305609227
device model,0.015111672305609227
device may,0.015111672305609227
device including,0.015111672305609227
device download,0.015111672305609227
device device,0.015111672305609227
displaying advertisement,0.015111672305609227
dissatisfaction relation,0.015111672305609227
enable us,0.015111672305609227
dissolution transaction,0.015111672305609227
enable features,0.015111672305609227
employees person,0.015111672305609227
emergency iv,0.015111672305609227
email us,0.015111672305609227
email grievance,0.015111672305609227
either indirectly,0.015111672305609227
effort prevent,0.015111672305609227
effective immediately,0.015111672305609227
duration may,0.015111672305609227
dunzo website,0.015111672305609227
dunzo upon,0.015111672305609227
dunzo statement,0.015111672305609227
dunzo rectify,0.015111672305609227
dunzo opt,0.015111672305609227
dunzo digital,0.015111672305609227
dunzo case,0.015111672305609227
dunzo app,0.015111672305609227
due reason,0.015111672305609227
download use,0.015111672305609227
documents statutory,0.015111672305609227
documents depending,0.015111672305609227
first file,0.015111672305609227
following general,0.015111672305609227
inform seek,0.015111672305609227
important notices,0.015111672305609227
immediately review,0.015111672305609227
illegal activity,0.015111672305609227
ii protect,0.015111672305609227
ii information,0.015111672305609227
ii company,0.015111672305609227
identify use,0.015111672305609227
identify personally,0.015111672305609227
identify manner,0.015111672305609227
identify indicate,0.015111672305609227
identify gather,0.015111672305609227
identifies browser,0.015111672305609227
identifiers mobile,0.015111672305609227
identifier number,0.015111672305609227
identification documents,0.015111672305609227
identifiable individuals,0.015111672305609227
however part,0.015111672305609227
hours occurrence,0.015111672305609227
history result,0.015111672305609227
history pictures,0.015111672305609227
history etc,0.015111672305609227
hereunder shall,0.015111672305609227
immediately update,0.015111672305609227
important role,0.015111672305609227
hereinafter referred,0.015111672305609227
improve platform,0.015111672305609227
individuals advertisers,0.015111672305609227
indirectly directly,0.015111672305609227
indiranagar bengaluru,0.015111672305609227
indicate fields,0.015111672305609227
india company,0.015111672305609227
incurring legal,0.015111672305609227
incorporated subject,0.015111672305609227
including without,0.015111672305609227
including vendors,0.015111672305609227
including unique,0.015111672305609227
including type,0.015111672305609227
including names,0.015111672305609227
including name,0.015111672305609227
including merchants,0.015111672305609227
including enforce,0.015111672305609227
including credit,0.015111672305609227
including body,0.015111672305609227
include information,0.015111672305609227
improvement services,0.015111672305609227
improve usage,0.015111672305609227
improve quality,0.015111672305609227
hereunder point,0.015111672305609227
hereby expressly,0.015111672305609227
following purposes,0.015111672305609227
going transaction,0.015111672305609227
general public,0.015111672305609227
general providing,0.015111672305609227
general categories,0.015111672305609227
gender email,0.015111672305609227
gather broad,0.015111672305609227
gateways process,0.015111672305609227
gateways payment,0.015111672305609227
gallery etc,0.015111672305609227
future publicly,0.015111672305609227
full range,0.015111672305609227
fulfilling services,0.015111672305609227
fulfil service,0.015111672305609227
frequency visit,0.015111672305609227
free direct,0.015111672305609227
fraud negligence,0.015111672305609227
fraud illegal,0.015111672305609227
formal complaint,0.015111672305609227
form medical,0.015111672305609227
form information,0.015111672305609227
foreground background,0.015111672305609227
following types,0.015111672305609227
genuineness misrepresentation,0.015111672305609227
goods services,0.015111672305609227
hereby acknowledge,0.015111672305609227
govern relationship,0.015111672305609227
hence company,0.015111672305609227
help protect,0.015111672305609227
help promote,0.015111672305609227
help identify,0.015111672305609227
help diagnose,0.015111672305609227
help advertisers,0.015111672305609227
health related,0.015111672305609227
health conditions,0.015111672305609227
harmoniously conjunction,0.015111672305609227
hardware attributes,0.015111672305609227
handled site,0.015111672305609227
handled company,0.015111672305609227
guidelines protecting,0.015111672305609227
guarantee transmissions,0.015111672305609227
guarantee security,0.015111672305609227
grievances relating,0.015111672305609227
grievances event,0.015111672305609227
grievance officer,0.015111672305609227
grievance arisen,0.015111672305609227
government issued,0.015111672305609227
governed terms,0.015111672305609227
zone language,0.015111672305609227
